"topic_path_code","label_pt","parent_code","level","automotive_domain","default_activity_type","description","example_signals","allowed_in_pilot","requires_technical_context","allows_secondary_topic"
"fora_escopo","Fora de escopo","","1","fora_escopo","nao_aplicavel","Conteudo que nao deve entrar na taxonomia automotiva principal.","tema principal nao automotivo; mencoes incidentais a carro","true","false","false"
"fora_escopo__nao_automotivo","Nao automotivo","fora_escopo","2","fora_escopo","nao_aplicavel","Video sem tema automotivo classificavel.","assunto principal fora de veiculos ou mercado automotivo","true","false","false"
"fora_escopo__transito_comportamento","Transito e comportamento","fora_escopo","2","fora_escopo","alerta","Narrativa de transito, comportamento, golpe ou conflito, sem conteudo tecnico automotivo principal.","golpe no transito; briga; direcao perigosa; carro citado incidentalmente","true","false","false"
"fora_escopo__entretenimento_sem_tema_tecnico","Entretenimento sem tema tecnico","fora_escopo","2","fora_escopo","entretenimento","Entretenimento com veiculo incidental e sem promessa automotiva tecnica, comercial ou de produto.","humor; narrativa; meme; carro como cenario","true","false","false"
"manutencao_reparo","Manutencao e reparo","","1","manutencao_reparo","manutencao_preventiva","Preservar, corrigir ou executar servico em veiculo.","troca; limpeza; reparo; manutencao; oficina","true","true","true"
"manutencao_reparo__manutencao_preventiva","Manutencao preventiva","manutencao_reparo","2","manutencao_reparo","manutencao_preventiva","Cuidados preventivos antes de falha grave.","evitar problema; cuidado periodico; limpeza; troca preventiva","true","true","true"
"manutencao_reparo__manutencao_preventiva__arrefecimento","Arrefecimento preventivo","manutencao_reparo__manutencao_preventiva","3","manutencao_reparo","manutencao_preventiva","Procedimentos preventivos no sistema de arrefecimento.","agua do radiador; fluido; aditivo; limpa radiador; drenagem","true","true","false"
"manutencao_reparo__manutencao_preventiva__bateria_12v","Bateria 12v preventiva","manutencao_reparo__manutencao_preventiva","3","manutencao_reparo","manutencao_preventiva","Cuidados preventivos com bateria 12v e terminais.","polo de bateria; limpa contato; zinabre; carga","true","true","false"
"manutencao_reparo__manutencao_preventiva__sensores","Sensores preventivo","manutencao_reparo__manutencao_preventiva","3","manutencao_reparo","manutencao_preventiva","Limpeza ou cuidado preventivo de sensores.","sensor MAF; sonda lambda; leitura; limpa contato","true","true","false"
"manutencao_reparo__manutencao_preventiva__velas_ignicao","Velas de ignicao preventivo","manutencao_reparo__manutencao_preventiva","3","manutencao_reparo","manutencao_preventiva","Limpeza, regulagem ou troca preventiva de velas.","vela; eletrodo; folga; economia de combustivel","true","true","false"
"manutencao_reparo__manutencao_preventiva__limpeza_componentes","Limpeza de componentes","manutencao_reparo__manutencao_preventiva","3","manutencao_reparo","manutencao_preventiva","Conteudo preventivo com limpeza de multiplos componentes.","limpeza de bateria; sensor; vela; descarbonizante","true","true","false"
"manutencao_reparo__manutencao_preventiva__pneus","Pneus preventivo","manutencao_reparo__manutencao_preventiva","3","manutencao_reparo","manutencao_preventiva","Cuidados preventivos com pneus.","calibragem; rodizio; desgaste; alinhamento","true","true","false"
"manutencao_reparo__manutencao_preventiva__freios","Freios preventivo","manutencao_reparo__manutencao_preventiva","3","manutencao_reparo","manutencao_preventiva","Cuidados preventivos com freios.","pastilha; disco; fluido de freio; rangido","true","true","false"
"manutencao_reparo__manutencao_preventiva__suspensao","Suspensao preventivo","manutencao_reparo__manutencao_preventiva","3","manutencao_reparo","manutencao_preventiva","Cuidados preventivos com suspensao.","amortecedor; bucha; barulho; alinhamento","true","true","false"
"manutencao_reparo__reparo_corretivo","Reparo corretivo","manutencao_reparo","2","manutencao_reparo","reparo_corretivo","Correcao de falha ja instalada.","quebrou; falhou; desmontagem; troca de conjunto","true","true","true"
"manutencao_reparo__reparo_corretivo__reparo_motor","Reparo de motor","manutencao_reparo__reparo_corretivo","3","manutencao_reparo","reparo_corretivo","Reparo em motor sem necessariamente trocar o conjunto completo.","desmontar motor; folga; desgaste; cabecote; bloco","true","true","false"
"manutencao_reparo__reparo_corretivo__retifica_motor","Retifica de motor","manutencao_reparo__reparo_corretivo","3","manutencao_reparo","reparo_corretivo","Retifica ou recuperacao interna do motor.","retifica; usinagem; cilindro; valvula; bloco","true","true","false"
"manutencao_reparo__reparo_corretivo__troca_motor","Troca de motor","manutencao_reparo__reparo_corretivo","3","manutencao_reparo","reparo_corretivo","Troca do conjunto de motor por falha ou custo de reparo.","motor novo; trocar motor; motor ruim; nao compensa retificar","true","true","false"
"manutencao_reparo__reparo_corretivo__reparo_cambio","Reparo de transmissao","manutencao_reparo__reparo_corretivo","3","manutencao_reparo","reparo_corretivo","Reparo contextualizado em transmissao/cambio.","tranco; patinando; manutencao do cambio; reparo transmissao","true","true","false"
"manutencao_reparo__reparo_corretivo__troca_cambio","Troca de transmissao","manutencao_reparo__reparo_corretivo","3","manutencao_reparo","reparo_corretivo","Troca contextualizada de cambio/transmissao.","trocar cambio; cambio automatico; transmissao quebrada","true","true","false"
"manutencao_reparo__custo_reparo","Custo de reparo","manutencao_reparo","2","manutencao_reparo","orcamento","Custo, orcamento ou viabilidade economica de reparo.","quanto custa; orcamento; pecas; mao de obra","true","true","true"
"manutencao_reparo__custo_reparo__orcamento_manutencao","Orcamento de manutencao","manutencao_reparo__custo_reparo","3","manutencao_reparo","orcamento","Estimativa de custo para manutencao ou reparo.","valor final; quanto custa; oficina; orcamento","true","true","false"
"manutencao_reparo__custo_reparo__custo_pecas","Custo de pecas","manutencao_reparo__custo_reparo","3","manutencao_reparo","orcamento","Custo de componentes e pecas de reposicao.","preco peca; motor novo; kit; reposicao","true","true","false"
"manutencao_reparo__custo_reparo__custo_mao_obra","Custo de mao de obra","manutencao_reparo__custo_reparo","3","manutencao_reparo","orcamento","Custo de servico ou mao de obra.","mao de obra; oficina; servico; horas","true","true","false"
"diagnostico","Diagnostico","","1","diagnostico","diagnostico","Identificacao de causa, sintoma, codigo ou falha.","scanner; codigo; luz; falha; sintoma","true","true","true"
"diagnostico__scanner_obd2","Scanner OBD2","diagnostico","2","diagnostico","diagnostico","Diagnostico por scanner ou leitura OBD2.","scanner; OBD2; codigo de erro; leitura","true","true","false"
"diagnostico__luz_injecao","Luz da injecao","diagnostico","2","diagnostico","diagnostico","Diagnostico relacionado a luz de injecao ou alerta no painel.","luz da injecao; painel; falha injecao; codigo","true","true","false"
"diagnostico__falha_motor","Falha de motor","diagnostico","2","diagnostico","diagnostico","Diagnostico de falha no sistema de motor.","motor falhando; cilindro; perda potencia; funcionamento irregular","true","true","false"
"diagnostico__falha_cambio","Falha de transmissao","diagnostico","2","diagnostico","diagnostico","Diagnostico contextualizado de cambio/transmissao.","tranco; patinando; cambio automatico; transmissao","true","true","false"
"diagnostico__falha_eletrica","Falha eletrica","diagnostico","2","diagnostico","diagnostico","Diagnostico de falhas eletricas ou eletronicas.","curto; modulo; sensor; chicote; bateria 12v","true","true","false"
"diagnostico__consumo_alto","Consumo alto","diagnostico","2","diagnostico","diagnostico","Diagnostico de consumo elevado de combustivel ou energia.","bebendo muito; alto consumo; economia; sensor","true","true","false"
"diagnostico__problema_cronico","Problema cronico","diagnostico","2","diagnostico","diagnostico","Falha recorrente associada a modelo, componente ou sistema.","problema cronico; defeito comum; recorrente","true","true","true"
"diagnostico__diagnostico_sensor","Diagnostico de sensor","diagnostico","2","diagnostico","diagnostico","Identificacao de falha ou leitura incorreta de sensor.","sensor MAF; sonda lambda; leitura errada; modulo","true","true","false"
"review_teste","Review e teste","","1","review_teste","review","Avaliacao, teste ou comparacao de produto/veiculo.","review; test drive; avaliacao; teste","true","false","true"
"review_teste__review_veiculo","Review de veiculo","review_teste","2","review_teste","review","Avaliacao geral de veiculo.","avaliacao; acabamento; preco; motor; espaco interno","true","false","true"
"review_teste__test_drive","Test drive","review_teste","2","review_teste","teste","Teste de conducao e experiencia ao volante.","dirigindo; rodar; estrada; cidade; impressoes","true","false","true"
"review_teste__comparativo","Comparativo","review_teste","2","review_teste","comparacao","Comparacao real entre opcoes, modelos ou concorrentes.","versus; comparacao; melhor opcao; alternativas","true","false","true"
"review_teste__teste_autonomia","Teste de autonomia","review_teste","2","review_teste","teste","Teste empirico de autonomia ou alcance.","autonomia; bateria; consumo; km rodados; carga","true","true","true"
"review_teste__teste_consumo","Teste de consumo","review_teste","2","review_teste","teste","Teste de consumo de combustivel ou energia.","km/l; kWh; consumo; economia","true","true","true"
"review_teste__teste_desempenho","Teste de desempenho","review_teste","2","review_teste","teste","Teste de aceleracao, retomada ou desempenho.","0 a 100; retomada; turbo; performance","true","true","true"
"review_teste__teste_durabilidade","Teste de durabilidade","review_teste","2","review_teste","teste","Teste de resistencia, uso prolongado ou desgaste.","longa duracao; durabilidade; desgaste; prova","true","true","true"
"review_teste__avaliacao_tecnica","Avaliacao tecnica","review_teste","2","review_teste","review","Avaliacao com foco tecnico em sistema, plataforma ou componente.","engenharia; motor; cambio; suspensao; tecnologia","true","true","true"
"mercado_produto","Mercado e produto","","1","mercado_produto","analise_mercado","Lancamento, preco, compra, vendas, marcas ou leitura de mercado.","mercado; preco; lancamento; vendas; comprar","true","false","true"
"mercado_produto__lancamentos","Lancamentos","mercado_produto","2","mercado_produto","lancamento","Chegada de modelo, marca, versao ou produto ao mercado.","estreia; novo; chegou; nacional; preco","true","false","true"
"mercado_produto__estreia_marca","Estreia de marca","mercado_produto","2","mercado_produto","lancamento","Entrada ou retorno de marca em um mercado.","marca chinesa; estreia no Brasil; chegada de marca","true","false","true"
"mercado_produto__preco_posicionamento","Preco e posicionamento","mercado_produto","2","mercado_produto","analise_mercado","Analise de preco, proposta de valor e posicionamento competitivo.","preco; custo-beneficio; faixa de preco; concorrentes","true","false","true"
"mercado_produto__mercado_eletrificados","Mercado de eletrificados","mercado_produto","2","mercado_produto","analise_mercado","Analise de mercado de eletricos, hibridos ou eletrificados.","eletricos no Brasil; BYD; eletrificados; bateria; garantia","true","true","true"
"mercado_produto__mercado_chineses","Mercado de chineses","mercado_produto","2","mercado_produto","analise_mercado","Analise de marcas ou carros chineses no mercado.","chineses; importados; montadoras chinesas; Caoa Changan","true","false","true"
"mercado_produto__mercado_usados","Mercado de usados","mercado_produto","2","mercado_produto","analise_mercado","Analise de compra, venda ou preco de usados.","usado; seminovo; desvalorizacao; tabela","true","false","true"
"mercado_produto__compra_venda","Compra e venda","mercado_produto","2","mercado_produto","opiniao","Decisao de compra ou venda de veiculo.","vale a pena; compraria; teria; comprar","true","false","true"
"mercado_produto__compra_venda__carro_popular","Carro popular","mercado_produto__compra_venda","3","mercado_produto","opiniao","Compra/venda de carro popular ou de entrada.","popular; barato; zero km acessivel; salario minimo","true","false","true"
"mercado_produto__compra_venda__carro_premium","Carro premium","mercado_produto__compra_venda","3","mercado_produto","opiniao","Compra/venda de carro premium ou luxo.","premium; luxo; equipado; alto padrao","true","false","true"
"mercado_produto__compra_venda__suv","SUV","mercado_produto__compra_venda","3","mercado_produto","opiniao","Compra/venda de SUV.","SUV; utilitario; familiar; medio","true","false","true"
"mercado_produto__compra_venda__picape","Picape","mercado_produto__compra_venda","3","mercado_produto","opiniao","Compra/venda de picape.","picape; cabine dupla; trabalho; carga","true","false","true"
"powertrain","Powertrain","","1","powertrain","analise_mercado","Tipo de propulsao, motorizacao, transmissao, combustivel ou energia.","eletrico; hibrido; flex; diesel; transmissao","true","true","true"
"powertrain__eletrico","Eletrico","powertrain","2","powertrain","analise_mercado","Veiculo ou sistema com propulsao eletrica.","carro eletrico; EV; bateria; recarga","true","true","true"
"powertrain__eletrico__bateria_tracao","Bateria de tracao","powertrain__eletrico","3","powertrain","analise_mercado","Bateria principal de veiculo eletrico/hibrido.","bateria de tracao; garantia bateria; capacidade","true","true","false"
"powertrain__eletrico__autonomia","Autonomia eletrica","powertrain__eletrico","3","powertrain","teste","Autonomia ou alcance de eletrico.","autonomia; carga; km; consumo energia","true","true","false"
"powertrain__eletrico__recarga","Recarga","powertrain__eletrico","3","powertrain","educativo","Recarga de veiculo eletrico.","carregador; tomada; tempo recarga; wallbox","true","true","false"
"powertrain__eletrico__regeneracao","Regeneracao","powertrain__eletrico","3","powertrain","educativo","Regeneracao de energia em eletricos/hibridos.","regeneracao; modo eco; freio regenerativo","true","true","false"
"powertrain__eletrico__garantia_bateria","Garantia de bateria","powertrain__eletrico","3","powertrain","analise_mercado","Garantia, vida util ou risco da bateria de tracao.","garantia bateria; degradacao; vida util","true","true","false"
"powertrain__hibrido","Hibrido","powertrain","2","powertrain","analise_mercado","Veiculo ou sistema hibrido.","hibrido; eletrificado; motor eletrico e combustao","true","true","true"
"powertrain__hibrido__sistema_hibrido","Sistema hibrido","powertrain__hibrido","3","powertrain","educativo","Arquitetura ou funcionamento hibrido.","sistema hibrido; motor eletrico; motor combustao","true","true","false"
"powertrain__hibrido__hibrido_flex","Hibrido flex","powertrain__hibrido","3","powertrain","analise_mercado","Hibrido com motor flex.","hibrido flex; etanol; gasolina; eletrificado","true","true","false"
"powertrain__hibrido__plug_in","Plug-in hybrid","powertrain__hibrido","3","powertrain","analise_mercado","Hibrido plug-in com recarga externa.","PHEV; plug-in; recarga; autonomia eletrica","true","true","false"
"powertrain__combustao","Combustao","powertrain","2","powertrain","analise_mercado","Veiculo ou sistema de combustao interna.","motor combustao; gasolina; etanol; diesel","true","true","true"
"powertrain__combustao__aspirado","Aspirado","powertrain__combustao","3","powertrain","review","Motor aspirado.","motor aspirado; sem turbo; desempenho","true","true","false"
"powertrain__combustao__turbo","Turbo","powertrain__combustao","3","powertrain","review","Motor turbo.","turbo; 1.5 turbo; desempenho; torque","true","true","false"
"powertrain__combustao__flex","Flex","powertrain__combustao","3","powertrain","analise_mercado","Motor flex de combustao.","flex; etanol; gasolina; tropicalizacao","true","true","false"
"powertrain__combustao__diesel","Diesel","powertrain__combustao","3","powertrain","analise_mercado","Motor diesel.","diesel; picape; torque; consumo","true","true","false"
"powertrain__transmissao","Transmissao","powertrain","2","powertrain","review","Sistema de transmissao, cambio e acoplamento.","cambio; transmissao; marcha; dupla embreagem","true","true","true"
"powertrain__transmissao__cambio_manual","Cambio manual","powertrain__transmissao","3","powertrain","review","Transmissao manual contextualizada.","manual; embreagem; marcha","true","true","false"
"powertrain__transmissao__cambio_automatico","Cambio automatico","powertrain__transmissao","3","powertrain","review","Transmissao automatica contextualizada.","automatico; conversor; tranco; marchas","true","true","false"
"powertrain__transmissao__dupla_embreagem","Dupla embreagem","powertrain__transmissao","3","powertrain","review","Transmissao automatizada de dupla embreagem.","dupla embreagem; DCT; automatizado","true","true","false"
"powertrain__transmissao__cvt","CVT","powertrain__transmissao","3","powertrain","review","Transmissao CVT contextualizada.","CVT; variador; simulacao marcha","true","true","false"
"pos_venda_reparacao","Pos-venda e reparacao","","1","pos_venda_reparacao","analise_mercado","Estrutura de reparacao, pecas, oficinas, assistencia ou nacionalizacao.","pecas; oficinas; pos-venda; reparacao; nacionalizacao","true","false","true"
"pos_venda_reparacao__pecas_reposicao","Pecas de reposicao","pos_venda_reparacao","2","pos_venda_reparacao","analise_mercado","Disponibilidade, preco ou risco de pecas.","falta de pecas; reposicao; importado; encalhar oficina","true","false","true"
"pos_venda_reparacao__gargalo_oficinas","Gargalo de oficinas","pos_venda_reparacao","2","pos_venda_reparacao","analise_mercado","Capacidade, conhecimento ou gargalo de oficinas e reparadores.","mecanicos em panico; oficinas; reparacao; carros sem peca","true","false","true"
"pos_venda_reparacao__nacionalizacao","Nacionalizacao","pos_venda_reparacao","2","pos_venda_reparacao","analise_mercado","Localizacao de producao, montagem e pecas com impacto no pos-venda.","nacionalizar; fabricado no Brasil; conteudo local","true","false","true"
"pos_venda_reparacao__skd_ckd","SKD/CKD","pos_venda_reparacao","2","pos_venda_reparacao","educativo","Montagem SKD/CKD e implicacoes de nacionalizacao.","SKD; CKD; semi desmontado; totalmente desmontado","true","false","true"
"pos_venda_reparacao__disponibilidade_pecas","Disponibilidade de pecas","pos_venda_reparacao","2","pos_venda_reparacao","analise_mercado","Risco ou disponibilidade concreta de pecas.","peca disponivel; prazo; estoque; importacao","true","false","true"
"pos_venda_reparacao__rede_assistencia","Rede de assistencia","pos_venda_reparacao","2","pos_venda_reparacao","analise_mercado","Rede autorizada, cobertura ou suporte pos-venda.","assistencia; concessionaria; rede autorizada; garantia","true","false","true"
"off_road","Off-road","","1","off_road","review","Uso fora de estrada, preparacao ou trilha.","4x4; trilha; off-road; lama","true","true","true"
"off_road__preparacao_off_road","Preparacao off-road","off_road","2","off_road","manutencao_preventiva","Preparacao de veiculo para off-road.","lift; snorkel; pneus off-road; protecao","true","true","true"
"off_road__trilha","Trilha","off_road","2","off_road","entretenimento","Uso em trilha ou fora de estrada.","trilha; lama; obstaculo; 4x4","true","true","true"
"off_road__pneus_off_road","Pneus off-road","off_road","2","off_road","review","Pneus voltados para uso off-road.","pneu AT; MT; lama; trilha","true","true","false"
"off_road__suspensao_off_road","Suspensao off-road","off_road","2","off_road","review","Suspensao ou preparacao de suspensao para off-road.","lift; amortecedor; curso; suspensao elevada","true","true","false"
"off_road__4x4","4x4","off_road","2","off_road","review","Sistema 4x4 ou tracao voltada a uso fora de estrada.","4x4; reduzida; bloqueio; tracao","true","true","false"
