fabricante,value,url
Adamo,Adamo,https://www.carrosnaweb.com.br/catalogofabricante.asp?fabricante=Adamo
Agrale,Agrale,https://www.carrosnaweb.com.br/catalogofabricante.asp?fabricante=Agrale
Alfa Romeo,Alfa Romeo,https://www.carrosnaweb.com.br/catalogofabricante.asp?fabricante=Alfa+Romeo
Ariel,Ariel,https://www.carrosnaweb.com.br/catalogofabricante.asp?fabricante=Ariel
Asia,Asia,https://www.carrosnaweb.com.br/catalogofabricante.asp?fabricante=Asia
Aston Martin,Aston Martin,https://www.carrosnaweb.com.br/catalogofabricante.asp?fabricante=Aston+Martin
Audi,Audi,https://www.carrosnaweb.com.br/catalogofabricante.asp?fabricante=Audi
Avallone,Avallone,https://www.carrosnaweb.com.br/catalogofabricante.asp?fabricante=Avallone
BAIC,BAIC,https://www.carrosnaweb.com.br/catalogofabricante.asp?fabricante=BAIC
Bentley,Bentley,https://www.carrosnaweb.com.br/catalogofabricante.asp?fabricante=Bentley
Bianco,Bianco,https://www.carrosnaweb.com.br/catalogofabricante.asp?fabricante=Bianco
BMW,BMW,https://www.carrosnaweb.com.br/catalogofabricante.asp?fabricante=BMW
BRM,BRM,https://www.carrosnaweb.com.br/catalogofabricante.asp?fabricante=BRM
Bugatti,Bugatti,https://www.carrosnaweb.com.br/catalogofabricante.asp?fabricante=Bugatti
BYD,BYD,https://www.carrosnaweb.com.br/catalogofabricante.asp?fabricante=BYD
Cadillac,Cadillac,https://www.carrosnaweb.com.br/catalogofabricante.asp?fabricante=Cadillac
Caterham,Caterham,https://www.carrosnaweb.com.br/catalogofabricante.asp?fabricante=Caterham
CBT,CBT,https://www.carrosnaweb.com.br/catalogofabricante.asp?fabricante=CBT
Chamonix,Chamonix,https://www.carrosnaweb.com.br/catalogofabricante.asp?fabricante=Chamonix
Chana,Chana,https://www.carrosnaweb.com.br/catalogofabricante.asp?fabricante=Chana
Changan,Changan,https://www.carrosnaweb.com.br/catalogofabricante.asp?fabricante=Changan
Chery,Chery,https://www.carrosnaweb.com.br/catalogofabricante.asp?fabricante=Chery
Chevrolet,Chevrolet,https://www.carrosnaweb.com.br/catalogofabricante.asp?fabricante=Chevrolet
Chrysler,Chrysler,https://www.carrosnaweb.com.br/catalogofabricante.asp?fabricante=Chrysler
Citroen,Citroen,https://www.carrosnaweb.com.br/catalogofabricante.asp?fabricante=Citroen
Cross Lander,Cross Lander,https://www.carrosnaweb.com.br/catalogofabricante.asp?fabricante=Cross+Lander
Daewoo,Daewoo,https://www.carrosnaweb.com.br/catalogofabricante.asp?fabricante=Daewoo
Daihatsu,Daihatsu,https://www.carrosnaweb.com.br/catalogofabricante.asp?fabricante=Daihatsu
DeLorean,DeLorean,https://www.carrosnaweb.com.br/catalogofabricante.asp?fabricante=DeLorean
Denza,Denza,https://www.carrosnaweb.com.br/catalogofabricante.asp?fabricante=Denza
Dodge,Dodge,https://www.carrosnaweb.com.br/catalogofabricante.asp?fabricante=Dodge
Dongfeng,Dongfeng,https://www.carrosnaweb.com.br/catalogofabricante.asp?fabricante=Dongfeng
Effa,Effa,https://www.carrosnaweb.com.br/catalogofabricante.asp?fabricante=Effa
Engesa,Engesa,https://www.carrosnaweb.com.br/catalogofabricante.asp?fabricante=Engesa
Enseada,Enseada,https://www.carrosnaweb.com.br/catalogofabricante.asp?fabricante=Enseada
Envemo,Envemo,https://www.carrosnaweb.com.br/catalogofabricante.asp?fabricante=Envemo
Farus,Farus,https://www.carrosnaweb.com.br/catalogofabricante.asp?fabricante=Farus
Ferrari,Ferrari,https://www.carrosnaweb.com.br/catalogofabricante.asp?fabricante=Ferrari
Fiat,Fiat,https://www.carrosnaweb.com.br/catalogofabricante.asp?fabricante=Fiat
Ford,Ford,https://www.carrosnaweb.com.br/catalogofabricante.asp?fabricante=Ford
Foton,Foton,https://www.carrosnaweb.com.br/catalogofabricante.asp?fabricante=Foton
GAC,GAC,https://www.carrosnaweb.com.br/catalogofabricante.asp?fabricante=GAC
Geely,Geely,https://www.carrosnaweb.com.br/catalogofabricante.asp?fabricante=Geely
GMC,GMC,https://www.carrosnaweb.com.br/catalogofabricante.asp?fabricante=GMC
Gurgel,Gurgel,https://www.carrosnaweb.com.br/catalogofabricante.asp?fabricante=Gurgel
GWM,GWM,https://www.carrosnaweb.com.br/catalogofabricante.asp?fabricante=GWM
Hafei,Hafei,https://www.carrosnaweb.com.br/catalogofabricante.asp?fabricante=Hafei
Hennessey,Hennessey,https://www.carrosnaweb.com.br/catalogofabricante.asp?fabricante=Hennessey
Hofstetter,Hofstetter,https://www.carrosnaweb.com.br/catalogofabricante.asp?fabricante=Hofstetter
Honda,Honda,https://www.carrosnaweb.com.br/catalogofabricante.asp?fabricante=Honda
Hummer,Hummer,https://www.carrosnaweb.com.br/catalogofabricante.asp?fabricante=Hummer
Hyundai,Hyundai,https://www.carrosnaweb.com.br/catalogofabricante.asp?fabricante=Hyundai
Infiniti,Infiniti,https://www.carrosnaweb.com.br/catalogofabricante.asp?fabricante=Infiniti
Isuzu,Isuzu,https://www.carrosnaweb.com.br/catalogofabricante.asp?fabricante=Isuzu
Iveco,Iveco,https://www.carrosnaweb.com.br/catalogofabricante.asp?fabricante=Iveco
JAC,JAC,https://www.carrosnaweb.com.br/catalogofabricante.asp?fabricante=JAC
Jaecoo,Jaecoo,https://www.carrosnaweb.com.br/catalogofabricante.asp?fabricante=Jaecoo
Jaguar,Jaguar,https://www.carrosnaweb.com.br/catalogofabricante.asp?fabricante=Jaguar
Jeep,Jeep,https://www.carrosnaweb.com.br/catalogofabricante.asp?fabricante=Jeep
Jetour,Jetour,https://www.carrosnaweb.com.br/catalogofabricante.asp?fabricante=Jetour
Jinbei,Jinbei,https://www.carrosnaweb.com.br/catalogofabricante.asp?fabricante=Jinbei
JMEV,JMEV,https://www.carrosnaweb.com.br/catalogofabricante.asp?fabricante=JMEV
JPX,JPX,https://www.carrosnaweb.com.br/catalogofabricante.asp?fabricante=JPX
Kia,Kia,https://www.carrosnaweb.com.br/catalogofabricante.asp?fabricante=Kia
Koenigsegg,Koenigsegg,https://www.carrosnaweb.com.br/catalogofabricante.asp?fabricante=Koenigsegg
KTM,KTM,https://www.carrosnaweb.com.br/catalogofabricante.asp?fabricante=KTM
Lada,Lada,https://www.carrosnaweb.com.br/catalogofabricante.asp?fabricante=Lada
Lafer,Lafer,https://www.carrosnaweb.com.br/catalogofabricante.asp?fabricante=Lafer
Lamborghini,Lamborghini,https://www.carrosnaweb.com.br/catalogofabricante.asp?fabricante=Lamborghini
Land Rover,Land Rover,https://www.carrosnaweb.com.br/catalogofabricante.asp?fabricante=Land+Rover
Leapmotor,Leapmotor,https://www.carrosnaweb.com.br/catalogofabricante.asp?fabricante=Leapmotor
Lepas,Lepas,https://www.carrosnaweb.com.br/catalogofabricante.asp?fabricante=Lepas
Lexus,Lexus,https://www.carrosnaweb.com.br/catalogofabricante.asp?fabricante=Lexus
Lifan,Lifan,https://www.carrosnaweb.com.br/catalogofabricante.asp?fabricante=Lifan
Lincoln,Lincoln,https://www.carrosnaweb.com.br/catalogofabricante.asp?fabricante=Lincoln
Lobini,Lobini,https://www.carrosnaweb.com.br/catalogofabricante.asp?fabricante=Lobini
Lotus,Lotus,https://www.carrosnaweb.com.br/catalogofabricante.asp?fabricante=Lotus
Lynk Co,Lynk Co,https://www.carrosnaweb.com.br/catalogofabricante.asp?fabricante=Lynk+Co
Mahindra,Mahindra,https://www.carrosnaweb.com.br/catalogofabricante.asp?fabricante=Mahindra
Maserati,Maserati,https://www.carrosnaweb.com.br/catalogofabricante.asp?fabricante=Maserati
Mazda,Mazda,https://www.carrosnaweb.com.br/catalogofabricante.asp?fabricante=Mazda
McLaren,McLaren,https://www.carrosnaweb.com.br/catalogofabricante.asp?fabricante=McLaren
Mercedes-Benz,Mercedes-Benz,https://www.carrosnaweb.com.br/catalogofabricante.asp?fabricante=Mercedes-Benz
Mercury,Mercury,https://www.carrosnaweb.com.br/catalogofabricante.asp?fabricante=Mercury
MG,MG,https://www.carrosnaweb.com.br/catalogofabricante.asp?fabricante=MG
Mini,Mini,https://www.carrosnaweb.com.br/catalogofabricante.asp?fabricante=Mini
Mitsubishi,Mitsubishi,https://www.carrosnaweb.com.br/catalogofabricante.asp?fabricante=Mitsubishi
Miura,Miura,https://www.carrosnaweb.com.br/catalogofabricante.asp?fabricante=Miura
Neta,Neta,https://www.carrosnaweb.com.br/catalogofabricante.asp?fabricante=Neta
Nissan,Nissan,https://www.carrosnaweb.com.br/catalogofabricante.asp?fabricante=Nissan
Omoda,Omoda,https://www.carrosnaweb.com.br/catalogofabricante.asp?fabricante=Omoda
Pagani,Pagani,https://www.carrosnaweb.com.br/catalogofabricante.asp?fabricante=Pagani
Peugeot,Peugeot,https://www.carrosnaweb.com.br/catalogofabricante.asp?fabricante=Peugeot
Plymouth,Plymouth,https://www.carrosnaweb.com.br/catalogofabricante.asp?fabricante=Plymouth
Pontiac,Pontiac,https://www.carrosnaweb.com.br/catalogofabricante.asp?fabricante=Pontiac
Porsche,Porsche,https://www.carrosnaweb.com.br/catalogofabricante.asp?fabricante=Porsche
Puma,Puma,https://www.carrosnaweb.com.br/catalogofabricante.asp?fabricante=Puma
Ragge,Ragge,https://www.carrosnaweb.com.br/catalogofabricante.asp?fabricante=Ragge
Ram,Ram,https://www.carrosnaweb.com.br/catalogofabricante.asp?fabricante=Ram
Rely,Rely,https://www.carrosnaweb.com.br/catalogofabricante.asp?fabricante=Rely
Renault,Renault,https://www.carrosnaweb.com.br/catalogofabricante.asp?fabricante=Renault
Riddara,Riddara,https://www.carrosnaweb.com.br/catalogofabricante.asp?fabricante=Riddara
Rimac,Rimac,https://www.carrosnaweb.com.br/catalogofabricante.asp?fabricante=Rimac
Rivian,Rivian,https://www.carrosnaweb.com.br/catalogofabricante.asp?fabricante=Rivian
Rolls-Royce,Rolls-Royce,https://www.carrosnaweb.com.br/catalogofabricante.asp?fabricante=Rolls-Royce
Saab,Saab,https://www.carrosnaweb.com.br/catalogofabricante.asp?fabricante=Saab
SAIC,SAIC,https://www.carrosnaweb.com.br/catalogofabricante.asp?fabricante=SAIC
Saleen,Saleen,https://www.carrosnaweb.com.br/catalogofabricante.asp?fabricante=Saleen
Santa Matilde,Santa Matilde,https://www.carrosnaweb.com.br/catalogofabricante.asp?fabricante=Santa+Matilde
Saturn,Saturn,https://www.carrosnaweb.com.br/catalogofabricante.asp?fabricante=Saturn
Seat,Seat,https://www.carrosnaweb.com.br/catalogofabricante.asp?fabricante=Seat
Seres,Seres,https://www.carrosnaweb.com.br/catalogofabricante.asp?fabricante=Seres
Shineray,Shineray,https://www.carrosnaweb.com.br/catalogofabricante.asp?fabricante=Shineray
Smart,Smart,https://www.carrosnaweb.com.br/catalogofabricante.asp?fabricante=Smart
Ssangyong,Ssangyong,https://www.carrosnaweb.com.br/catalogofabricante.asp?fabricante=Ssangyong
SSC,SSC,https://www.carrosnaweb.com.br/catalogofabricante.asp?fabricante=SSC
Subaru,Subaru,https://www.carrosnaweb.com.br/catalogofabricante.asp?fabricante=Subaru
Suzuki,Suzuki,https://www.carrosnaweb.com.br/catalogofabricante.asp?fabricante=Suzuki
TAC,TAC,https://www.carrosnaweb.com.br/catalogofabricante.asp?fabricante=TAC
Tesla,Tesla,https://www.carrosnaweb.com.br/catalogofabricante.asp?fabricante=Tesla
Toyota,Toyota,https://www.carrosnaweb.com.br/catalogofabricante.asp?fabricante=Toyota
Troller,Troller,https://www.carrosnaweb.com.br/catalogofabricante.asp?fabricante=Troller
Volkswagen,Volkswagen,https://www.carrosnaweb.com.br/catalogofabricante.asp?fabricante=Volkswagen
Volvo,Volvo,https://www.carrosnaweb.com.br/catalogofabricante.asp?fabricante=Volvo
W Motors,W Motors,https://www.carrosnaweb.com.br/catalogofabricante.asp?fabricante=W+Motors
Xiaomi,Xiaomi,https://www.carrosnaweb.com.br/catalogofabricante.asp?fabricante=Xiaomi
Zeekr,Zeekr,https://www.carrosnaweb.com.br/catalogofabricante.asp?fabricante=Zeekr
